45425;15056;279;13/01/12;25/01/12;5;357827;930863Vi50487;20/01/12;894568;39539884
43817;16519;279;26/06/11;07/08/11;5;357827;634616Vi56238;07/03/11;894568;39539884
43818;16528;282;26/06/11;07/08/11;5;357827;134625Vi69865;07/03/11;894568;39539884
43819;11006;282;26/06/11;07/08/11;5;339999;935096Vi26471;07/03/11;849998;3756989
43823;19942;276;27/06/11;07/09/11;5;6990982;830400Vi39580;07/04/11;174775;7725036
43824;14558;280;27/06/11;07/09/11;5;6990982;1233794Vi37022;07/04/11;174775;7725036
43835;19802;283;29/06/11;07/11/11;5;337499;933259Vi14346;07/06/11;843748;3729364
44174;17229;276;08/08/11;20/08/11;5;357827;434455Vi1576;15/08/11;894568;39539884
44175;17246;277;08/08/11;20/08/11;5;357827;435649Vi35987;15/08/11;894568;39539884
44176;12220;282;08/09/11;21/08/11;5;357827;531047Vi60568;16/08/11;894568;39539884
44177;11337;283;08/09/11;21/08/11;5;337499;831750Vi41055;16/08/11;843748;3729364
44181;17294;275;08/09/11;21/08/11;5;357827;335382Vi76671;16/08/11;894568;39539884
44188;20052;283;13/08/11;25/08/11;5;6990982;1230408Vi10291;20/08/11;174775;7725036
44189;20054;282;13/08/11;25/08/11;5;6990982;930409Vi19793;20/08/11;174775;7725036
44194;17064;275;14/08/11;26/08/11;5;357827;433642Vi83041;21/08/11;894568;39539884
44199;17259;282;15/08/11;27/08/11;5;357827;434468Vi61462;22/08/11;894568;39539884
44200;17312;277;15/08/11;27/08/11;5;357827;235388Vi83610;22/08/11;894568;39539884
44206;11250;275;17/08/11;29/08/11;5;339999;331747Vi80825;24/08/11;849998;3756989
44213;17351;278;18/08/11;30/08/11;5;357827;533968Vi77089;25/08/11;894568;39539884
44216;13560;281;19/08/11;31/08/11;5;357827;331040Vi8758;26/08/11;894568;39539884
44219;14590;278;19/08/11;31/08/11;5;6990982;233807Vi14021;26/08/11;174775;7725036
44222;17258;281;19/08/11;31/08/11;5;357827;534467Vi73185;26/08/11;894568;39539884
44223;13847;279;20/08/11;09/01/11;5;357827;731059Vi78706;27/08/11;894568;39539884
44243;17278;275;23/08/11;09/04/11;5;357827;134470Vi68445;30/08/11;894568;39539884
43928;16740;283;07/03/11;15/07/11;5;357827;934552Vi74889;07/10/11;894568;39539884
43931;13548;279;07/04/11;16/07/11;5;357827;1131029Vi35534;07/11/11;894568;39539884
43938;16686;279;07/05/11;17/07/11;5;357827;934539Vi48457;07/12/11;894568;39539884
43947;16712;283;07/06/11;18/07/11;5;357827;134550Vi9795;13/07/11;894568;39539884
43951;16696;275;07/07/11;19/07/11;5;357827;434544Vi24387;14/07/11;894568;39539884
43954;13602;275;07/08/11;20/07/11;5;357827;631131Vi69068;15/07/11;894568;39539884
43971;16657;277;07/11/11;23/07/11;5;357827;1034640Vi50592;18/07/11;894568;39539884
43979;14576;275;13/07/11;25/07/11;5;6990982;733800Vi10105;20/07/11;174775;7725036
43985;13515;277;14/07/11;26/07/11;5;357827;1031133Vi32137;21/07/11;894568;39539884
44002;14572;281;19/07/11;31/07/11;5;6990982;730334Vi42087;26/07/11;174775;7725036
44010;13680;275;20/07/11;08/01/11;5;357827;931021Vi10275;27/07/11;894568;39539884
44015;13693;279;21/07/11;08/02/11;5;357827;831031Vi8248;28/07/11;894568;39539884
44019;16701;279;21/07/11;08/02/11;5;357827;734545Vi82867;28/07/11;894568;39539884
44020;16931;279;21/07/11;08/02/11;5;357827;1234560Vi44580;28/07/11;894568;39539884
44023;19830;;22/07/11;08/03/11;5;337499;933265Vi14869;29/07/11;843748;3729364
44024;16663;;22/07/11;08/03/11;5;357827;1234534Vi20959;29/07/11;894568;39539884
44033;16693;;24/07/11;08/05/11;5;357827;1234543Vi50098;31/07/11;894568;39539884
44036;17046;;24/07/11;08/05/11;5;357827;834562Vi11421;31/07/11;894568;39539884
44039;17971;;25/07/11;08/06/11;5;6990982;630406Vi42437;08/01/11;174775;7725036
44042;13678;;26/07/11;08/07/11;5;357827;931017Vi52610;08/02/11;894568;39539884
44044;13690;;26/07/11;08/07/11;5;357827;931026Vi53564;08/02/11;894568;39539884
44049;13538;;27/07/11;08/08/11;5;357827;531134Vi2901;08/03/11;894568;39539884
44050;17050;;27/07/11;08/08/11;5;357827;533638Vi30764;08/03/11;894568;39539884
44054;13542;;29/07/11;08/10/11;5;357827;731020Vi39787;08/05/11;894568;39539884
44058;11056;;29/07/11;08/10/11;5;337499;934128Vi27666;08/05/11;843748;3729364
44070;19829;;31/07/11;08/12/11;5;337499;233264Vi85352;08/07/11;843748;3729364
44072;16656;;31/07/11;08/12/11;5;357827;634639Vi61177;08/07/11;894568;39539884
44073;11044;;31/07/11;08/12/11;5;337499;835117Vi79877;08/07/11;843748;3729364
44137;17328;;08/01/11;13/08/11;5;357827;435392Vi9773;08/08/11;894568;39539884
44139;13792;;08/02/11;14/08/11;5;357827;331042Vi45733;08/09/11;894568;39539884
44149;17242;;08/03/11;15/08/11;5;357827;634460Vi9430;08/10/11;894568;39539884
44165;17065;;08/06/11;18/08/11;5;357827;1233643Vi24857;13/08/11;894568;39539884
43704;11005;;06/01/11;13/06/11;5;337499;835095Vi10342;06/08/11;843748;3729364
43709;16351;;06/02/11;14/06/11;5;357827;1034602Vi80214;06/09/11;894568;39539884
43714;13591;;06/04/11;16/06/11;5;357827;1031124Vi82522;06/11/11;894568;39539884
43727;16607;;06/07/11;19/06/11;5;357827;834627Vi58835;14/06/11;894568;39539884
43729;11238;;06/08/11;20/06/11;5;339999;831735Vi13701;15/06/11;849998;3756989
43731;16629;;06/08/11;20/06/11;5;357827;834633Vi74142;15/06/11;894568;39539884
43743;11007;;06/11/11;23/06/11;5;339999;1235097Vi7903;18/06/11;849998;3756989
43744;16631;;06/11/11;23/06/11;5;357827;635648Vi67147;18/06/11;894568;39539884
43751;11592;;13/06/11;25/06/11;5;357827;331101Vi3645;20/06/11;894568;39539884
43756;19941;;14/06/11;26/06/11;5;6990982;830399Vi49119;21/06/11;174775;7725036
43757;11017;;14/06/11;26/06/11;5;337499;635102Vi66203;21/06/11;843748;3729364
43760;16352;;15/06/11;27/06/11;5;357827;234603Vi38778;22/06/11;894568;39539884
43765;11010;;16/06/11;28/06/11;5;339999;535100Vi52885;23/06/11;849998;3756989
43767;11001;;17/06/11;29/06/11;5;337499;235091Vi45462;24/06/11;843748;3729364
43772;16524;;18/06/11;30/06/11;5;357827;334621Vi66368;25/06/11;894568;39539884
43775;11027;;18/06/11;30/06/11;5;339999;535106Vi36020;25/06/11;849998;3756989
43776;13260;;19/06/11;07/01/11;5;357827;1231103Vi54892;26/06/11;894568;39539884
43778;11018;;19/06/11;07/01/11;5;339999;735103Vi51096;26/06/11;849998;3756989
43782;16516;;20/06/11;07/02/11;5;357827;1034613Vi51017;27/06/11;894568;39539884
43785;11601;;21/06/11;07/03/11;5;357827;931114Vi18886;28/06/11;894568;39539884
43791;16484;;21/06/11;07/03/11;5;357827;534606Vi12914;28/06/11;894568;39539884
43792;16623;;21/06/11;07/03/11;5;357827;334631Vi19512;28/06/11;894568;39539884
43796;17956;;22/06/11;07/04/11;5;6990982;630398Vi74678;29/06/11;174775;7725036
43797;16345;;22/06/11;07/04/11;5;357827;533967Vi20009;29/06/11;894568;39539884
43798;16521;;22/06/11;07/04/11;5;357827;434618Vi81298;29/06/11;894568;39539884
43802;11593;;23/06/11;07/05/11;5;357827;531106Vi80372;30/06/11;894568;39539884
43809;16350;;25/06/11;07/07/11;5;357827;134601Vi76444;07/02/11;894568;39539884
43811;11026;;25/06/11;07/07/11;5;339999;1235105Vi45830;07/02/11;849998;3756989
43815;16494;;26/06/11;07/08/11;5;357827;734608Vi62400;07/03/11;894568;39539884
45581;11263;;29/01/12;02/10/12;5;357827;532589Vi21854;02/05/12;894568;39539884
45583;11274;;29/01/12;02/10/12;5;357827;1032599Vi32286;02/05/12;894568;39539884
45587;11531;;30/01/12;02/11/12;5;357827;132514Vi65013;02/06/12;894568;39539884
45595;11515;;31/01/12;02/12/12;5;357827;432508Vi56467;02/07/12;894568;39539884
45598;14744;;31/01/12;02/12/12;5;6990982;833738Vi52220;02/07/12;174775;7725036
45603;11296;;02/01/12;13/02/12;5;357827;232492Vi61325;02/08/12;894568;39539884
45606;19967;;02/01/12;13/02/12;5;357827;334246Vi19813;02/08/12;894568;39539884
45609;14774;;02/01/12;13/02/12;5;357827;835614Vi22240;02/08/12;894568;39539884
45611;11535;;02/02/12;14/02/12;5;357827;1132516Vi66630;02/09/12;894568;39539884
45613;11522;;02/03/12;15/02/12;5;357827;232510Vi12409;02/10/12;894568;39539884
45615;18137;;02/03/12;15/02/12;5;6990982;632703Vi37212;02/10/12;174775;7725036
45629;11892;;02/04/12;16/02/12;5;339999;1135036Vi20143;02/11/12;849998;3756989
45631;11237;;02/05/12;17/02/12;5;337499;531667Vi39181;02/12/12;843748;3729364
45632;14775;;02/05/12;17/02/12;5;357827;432924Vi65561;02/12/12;894568;39539884
45642;11623;;02/07/12;19/02/12;5;357827;1032525Vi62123;14/02/12;894568;39539884
45645;11482;;02/08/12;20/02/12;5;337499;731668Vi39453;15/02/12;843748;3729364
45651;19771;;02/09/12;21/02/12;5;357827;1034216Vi71796;16/02/12;894568;39539884
45653;11764;;02/09/12;21/02/12;5;339999;135012Vi59863;16/02/12;849998;3756989
45655;11323;;02/10/12;22/02/12;5;357827;332500Vi80333;17/02/12;894568;39539884
45657;11266;;02/10/12;22/02/12;5;357827;832593Vi62088;17/02/12;894568;39539884
45937;14824;;19/03/12;31/03/12;5;357827;631719Vi66740;26/03/12;894568;39539884
45943;20221;;19/03/12;31/03/12;5;357827;334271Vi61383;26/03/12;894568;39539884
45944;20225;;19/03/12;31/03/12;5;357827;634272Vi2931;26/03/12;894568;39539884
45948;14879;;20/03/12;04/01/12;5;6990982;733750Vi44915;27/03/12;174775;7725036
45956;19979;;21/03/12;04/02/12;5;357827;534254Vi36073;28/03/12;894568;39539884
45963;20238;;22/03/12;04/03/12;5;357827;234157Vi10958;29/03/12;894568;39539884
45971;11335;;24/03/12;04/05/12;5;339999;431678Vi59960;31/03/12;849998;3756989
45981;12805;275;25/03/12;04/06/12;5;357827;631725Vi14468;04/01/12;894568;39539884
45984;11690;282;26/03/12;04/07/12;5;357827;932421Vi58473;04/02/12;894568;39539884
45988;11675;279;26/03/12;04/07/12;5;357827;132537Vi48041;04/02/12;894568;39539884
45989;12631;278;26/03/12;04/07/12;5;357827;1032813Vi39449;04/02/12;894568;39539884
45990;12711;278;26/03/12;04/07/12;5;357827;532825Vi83847;04/02/12;894568;39539884
45991;11976;283;26/03/12;04/07/12;5;337499;1235288Vi41049;04/02/12;843748;3729364
46002;11826;274;28/03/12;04/09/12;5;357827;132470Vi11611;04/04/12;894568;39539884
46003;11831;282;28/03/12;04/09/12;5;357827;632472Vi72248;04/04/12;894568;39539884
46005;12749;275;28/03/12;04/09/12;5;357827;232828Vi50803;04/04/12;894568;39539884
46010;11488;282;29/03/12;04/10/12;5;337499;431675Vi2356;04/05/12;843748;3729364
45662;11906;282;02/10/12;22/02/12;5;337499;435262Vi45631;17/02/12;843748;3729364
45669;11528;282;02/12/12;24/02/12;5;357827;1232512Vi49531;19/02/12;894568;39539884
45671;11628;278;02/12/12;24/02/12;5;357827;632528Vi8983;19/02/12;894568;39539884
45672;19438;282;02/12/12;24/02/12;5;6990982;1132701Vi48344;19/02/12;174775;7725036
45677;11895;282;02/12/12;24/02/12;5;337499;135039Vi8359;19/02/12;843748;3729364
45679;11540;275;13/02/12;25/02/12;5;357827;432522Vi53151;20/02/12;894568;39539884
45682;19950;276;13/02/12;25/02/12;5;357827;734236Vi69461;20/02/12;894568;39539884
45683;14709;280;14/02/12;26/02/12;5;357827;430888Vi36046;21/02/12;894568;39539884
45685;18132;279;14/02/12;26/02/12;5;6990982;1032702Vi50870;21/02/12;174775;7725036
45691;11898;279;14/02/12;26/02/12;5;339999;835042Vi54250;21/02/12;849998;3756989
45695;11292;277;15/02/12;27/02/12;5;357827;532489Vi62652;22/02/12;894568;39539884
45697;11516;276;15/02/12;27/02/12;5;357827;432509Vi5523;22/02/12;894568;39539884
45702;18131;277;16/02/12;28/02/12;5;6990982;1032700Vi65046;23/02/12;174775;7725036
45706;11267;280;17/02/12;29/02/12;5;357827;532595Vi58605;24/02/12;894568;39539884
45710;19963;280;17/02/12;29/02/12;5;357827;534242Vi36743;24/02/12;894568;39539884
45711;19621;282;17/02/12;29/02/12;5;357827;1134327Vi59466;24/02/12;894568;39539884
45712;11767;276;17/02/12;29/02/12;5;339999;235034Vi50394;24/02/12;849998;3756989
45715;19770;275;18/02/12;03/01/12;5;357827;1034215Vi32712;25/02/12;894568;39539884
45717;11325;281;19/02/12;03/02/12;5;357827;1232502Vi83246;26/02/12;894568;39539884
45719;20000;276;19/02/12;03/02/12;5;337499;433203Vi51080;26/02/12;843748;3729364
45725;14789;276;20/02/12;03/03/12;5;357827;532925Vi8161;27/02/12;894568;39539884
45731;11286;277;21/02/12;03/04/12;5;357827;1232484Vi30733;28/02/12;894568;39539884
45734;11630;279;21/02/12;03/04/12;5;357827;432530Vi43458;28/02/12;894568;39539884
45736;19960;275;21/02/12;03/04/12;5;357827;734241Vi80538;28/02/12;894568;39539884
45739;11903;280;21/02/12;03/04/12;5;337499;135735Vi74156;28/02/12;843748;3729364
45741;19788;275;22/02/12;03/05/12;5;357827;1134225Vi25774;29/02/12;894568;39539884
45744;11894;282;22/02/12;03/05/12;5;337499;335038Vi75592;29/02/12;843748;3729364
45747;11539;278;23/02/12;03/06/12;5;357827;1132521Vi50882;03/01/12;894568;39539884
45749;14797;277;23/02/12;03/06/12;5;357827;532809Vi65377;03/01/12;894568;39539884
45751;14739;282;23/02/12;03/06/12;5;6990982;133735Vi42258;03/01/12;174775;7725036
45754;11529;275;24/02/12;03/07/12;5;357827;232513Vi10568;03/02/12;894568;39539884
45755;11536;277;24/02/12;03/07/12;5;357827;732517Vi3330;03/02/12;894568;39539884
45757;12561;276;25/02/12;03/08/12;5;357827;530882Vi29964;03/03/12;894568;39539884
45760;11329;282;25/02/12;03/08/12;5;357827;1132506Vi714;03/03/12;894568;39539884
45762;12621;279;25/02/12;03/08/12;5;357827;1032812Vi68411;03/03/12;894568;39539884
45766;11297;282;26/02/12;03/09/12;5;357827;232493Vi70897;03/04/12;894568;39539884
45773;19949;278;27/02/12;03/10/12;5;357827;1034235Vi13323;03/05/12;894568;39539884
45822;20246;278;03/01/12;13/03/12;5;357827;834163Vi45415;03/08/12;894568;39539884
45828;14753;282;03/02/12;14/03/12;5;6990982;233743Vi45163;03/09/12;174775;7725036
45830;20151;281;03/02/12;14/03/12;5;357827;1034255Vi53556;03/09/12;894568;39539884
45840;11246;282;03/04/12;16/03/12;5;337499;1031674Vi48261;03/11/12;843748;3729364
45842;11742;280;03/04/12;16/03/12;5;357827;332430Vi28753;03/11/12;894568;39539884
45850;11776;280;03/06/12;18/03/12;5;357827;432440Vi60477;13/03/12;894568;39539884
45853;15453;277;03/06/12;18/03/12;5;357827;432815Vi36375;13/03/12;894568;39539884
45854;15620;276;03/06/12;18/03/12;5;357827;832823Vi59465;13/03/12;894568;39539884
45857;11919;278;03/06/12;18/03/12;5;337499;735273Vi4246;13/03/12;843748;3729364
45858;11952;277;03/06/12;18/03/12;5;337499;435282Vi17056;13/03/12;843748;3729364
45862;14827;279;03/08/12;20/03/12;5;357827;131722Vi12821;15/03/12;894568;39539884
45863;11873;276;03/08/12;20/03/12;5;357827;532478Vi4270;15/03/12;894568;39539884
45879;19443;279;03/11/12;23/03/12;5;6990982;1231779Vi84474;18/03/12;174775;7725036
45880;11707;279;03/11/12;23/03/12;5;357827;132424Vi63595;18/03/12;894568;39539884
45883;11799;277;03/11/12;23/03/12;5;357827;1032452Vi36891;18/03/12;894568;39539884
45887;14880;279;03/11/12;23/03/12;5;6990982;1033751Vi43993;18/03/12;174775;7725036
45889;11920;277;03/11/12;23/03/12;5;337499;335274Vi47013;18/03/12;843748;3729364
45896;12632;275;13/03/12;25/03/12;5;357827;532821Vi16621;20/03/12;894568;39539884
45900;11837;275;14/03/12;26/03/12;5;357827;432474Vi72251;21/03/12;894568;39539884
45901;11665;283;14/03/12;26/03/12;5;357827;1232534Vi9248;21/03/12;894568;39539884
45902;15614;279;14/03/12;26/03/12;5;357827;1232816Vi31894;21/03/12;894568;39539884
45903;15619;280;14/03/12;26/03/12;5;357827;532819Vi37519;21/03/12;894568;39539884
45904;20241;276;14/03/12;26/03/12;5;357827;1234159Vi39353;21/03/12;894568;39539884
45907;20214;277;14/03/12;26/03/12;5;357827;834265Vi83716;21/03/12;894568;39539884
45910;11777;281;15/03/12;27/03/12;5;357827;1032441Vi64259;22/03/12;894568;39539884
45914;11929;275;15/03/12;27/03/12;5;337499;1235275Vi13953;22/03/12;843748;3729364
45916;11964;276;15/03/12;27/03/12;5;339999;735284Vi46746;22/03/12;849998;3756989
45919;11780;283;16/03/12;28/03/12;5;357827;132447Vi36834;23/03/12;894568;39539884
45923;11811;;16/03/12;28/03/12;5;357827;932457Vi71839;23/03/12;894568;39539884
45927;11796;;17/03/12;29/03/12;5;357827;1232449Vi13645;24/03/12;894568;39539884
45929;11825;;17/03/12;29/03/12;5;357827;632469Vi71153;24/03/12;894568;39539884
45931;20249;;17/03/12;29/03/12;5;357827;934165Vi7122;24/03/12;894568;39539884
45932;20211;;17/03/12;29/03/12;5;357827;134263Vi6031;24/03/12;894568;39539884
45935;19439;;18/03/12;30/03/12;5;6990982;1132705Vi32150;25/03/12;174775;7725036
44246;12219;;24/08/11;09/05/11;5;357827;831045Vi59969;31/08/11;894568;39539884
44248;17240;;24/08/11;09/05/11;5;357827;1034458Vi74077;31/08/11;894568;39539884
45444;19102;;15/01/12;27/01/12;5;357827;534287Vi78856;22/01/12;894568;39539884
45452;19559;;17/01/12;29/01/12;5;357827;134297Vi10935;24/01/12;894568;39539884
45453;12549;;18/01/12;30/01/12;5;357827;530881Vi51516;25/01/12;894568;39539884
45458;19599;;19/01/12;31/01/12;5;357827;734314Vi28100;26/01/12;894568;39539884
45464;19586;;20/01/12;02/01/12;5;357827;1134306Vi1280;27/01/12;894568;39539884
45466;19611;;21/01/12;02/02/12;5;357827;734320Vi83003;28/01/12;894568;39539884
45467;11422;;22/01/12;02/03/12;5;339999;531664Vi3073;29/01/12;849998;3756989
45475;19601;;22/01/12;02/03/12;5;357827;1134315Vi9137;29/01/12;894568;39539884
45476;19614;;22/01/12;02/03/12;5;357827;934323Vi81097;29/01/12;894568;39539884
45479;19099;;23/01/12;02/04/12;5;357827;1134286Vi69225;30/01/12;894568;39539884
45485;11257;;24/01/12;02/05/12;5;357827;532587Vi71412;31/01/12;894568;39539884
45486;14737;;24/01/12;02/05/12;5;6990982;1233733Vi28883;31/01/12;174775;7725036
45487;19556;;24/01/12;02/05/12;5;357827;1134294Vi25164;31/01/12;894568;39539884
45493;14731;;25/01/12;02/06/12;5;6990982;233727Vi74027;02/01/12;174775;7725036
45507;19616;;26/01/12;02/07/12;5;357827;1234325Vi8574;02/02/12;894568;39539884
45511;12523;;28/01/12;02/09/12;5;357827;130877Vi21285;02/04/12;894568;39539884
45512;11175;;28/01/12;02/09/12;5;357827;532576Vi50349;02/04/12;894568;39539884
45515;19557;;28/01/12;02/09/12;5;357827;534295Vi35108;02/04/12;894568;39539884
46016;11885;;29/03/12;04/10/12;5;357827;1132479Vi38232;04/05/12;894568;39539884
46018;11663;;29/03/12;04/10/12;5;357827;232532Vi57622;04/05/12;894568;39539884
45009;19387;;27/11/11;12/09/11;5;6990982;132680Vi16325;12/04/11;174775;7725036
45015;11360;;27/11/11;12/09/11;5;339999;534977Vi23846;12/04/11;849998;3756989
45016;14770;;28/11/11;12/10/11;5;357827;930923Vi39152;12/05/11;894568;39539884
45019;18691;;28/11/11;12/10/11;5;357827;434349Vi43547;12/05/11;894568;39539884
45020;18332;;28/11/11;12/10/11;5;357827;1034438Vi36194;12/05/11;894568;39539884
45023;13807;;28/11/11;12/10/11;5;357827;235203Vi45249;12/05/11;894568;39539884
45028;18702;;29/11/11;12/11/11;5;357827;134360Vi20001;12/06/11;894568;39539884
45031;14792;;30/11/11;12/12/11;5;357827;430935Vi69270;12/07/11;894568;39539884
45352;15081;;01/02/12;14/01/12;5;357827;330876Vi70139;01/09/12;894568;39539884
45354;19432;;01/02/12;14/01/12;5;6990982;1032693Vi74075;01/09/12;174775;7725036
45371;15062;;01/05/12;17/01/12;5;357827;430868Vi74576;01/12/12;894568;39539884
45376;11761;;01/05/12;17/01/12;5;339999;635010Vi35640;01/12/12;849998;3756989
45377;15077;;01/06/12;18/01/12;5;357827;430873Vi8845;13/01/12;894568;39539884
45380;18010;;01/06/12;18/01/12;5;6990982;1232690Vi67094;13/01/12;174775;7725036
45381;19988;;01/06/12;18/01/12;5;339999;1133309Vi63381;13/01/12;849998;3756989
45385;14735;;01/06/12;18/01/12;5;6990982;1033732Vi84530;13/01/12;174775;7725036
45387;11224;;01/07/12;19/01/12;5;357827;1032583Vi52759;14/01/12;894568;39539884
45393;14171;;01/08/12;20/01/12;5;357827;1030871Vi62259;15/01/12;894568;39539884
45396;19594;;01/08/12;20/01/12;5;357827;334310Vi35829;15/01/12;894568;39539884
45397;15051;;01/09/12;21/01/12;5;357827;930862Vi71034;16/01/12;894568;39539884
45398;15059;;01/09/12;21/01/12;5;357827;430865Vi61297;16/01/12;894568;39539884
45401;15058;;01/10/12;22/01/12;5;357827;730864Vi45429;17/01/12;894568;39539884
45409;19612;;01/10/12;22/01/12;5;357827;1234321Vi80715;17/01/12;894568;39539884
45423;19997;;01/12/12;24/01/12;5;337499;533312Vi27169;19/01/12;843748;3729364
45085;18746;;12/02/11;14/12/11;5;357827;334381Vi65914;12/09/11;894568;39539884
45086;18747;;12/02/11;14/12/11;5;357827;434382Vi52348;12/09/11;894568;39539884
45091;18909;;12/03/11;15/12/11;5;357827;1134274Vi62226;12/10/11;894568;39539884
45092;18899;;12/03/11;15/12/11;5;357827;534387Vi48663;12/10/11;894568;39539884
45093;18906;275;12/03/11;15/12/11;5;357827;434391Vi29988;12/10/11;894568;39539884
45117;14727;283;12/08/11;20/12/11;5;6990982;733724Vi20041;15/12/11;174775;7725036
45125;18708;277;12/09/11;21/12/11;5;357827;1135652Vi4067;16/12/11;894568;39539884
45130;14975;282;12/11/11;23/12/11;5;357827;931776Vi17483;18/12/11;894568;39539884
45137;18735;283;12/11/11;23/12/11;5;357827;334375Vi56261;18/12/11;894568;39539884
45145;18716;277;12/12/11;24/12/11;5;357827;834365Vi13514;19/12/11;894568;39539884
45148;14656;276;13/12/11;25/12/11;5;6990982;733717Vi35888;20/12/11;174775;7725036
45153;19089;282;14/12/11;26/12/11;5;357827;1134281Vi9338;21/12/11;894568;39539884
45159;11400;274;15/12/11;27/12/11;5;337499;331657Vi43879;22/12/11;843748;3729364
45164;11453;278;15/12/11;27/12/11;5;337499;134993Vi76514;22/12/11;843748;3729364
45167;18706;282;16/12/11;28/12/11;5;357827;234362Vi46296;23/12/11;894568;39539884
45170;11462;282;16/12/11;28/12/11;5;337499;1235001Vi58872;23/12/11;843748;3729364
45171;11754;282;16/12/11;28/12/11;5;339999;435007Vi11827;23/12/11;849998;3756989
45179;11457;276;17/12/11;29/12/11;5;337499;834997Vi38851;24/12/11;843748;3729364
45185;14949;281;18/12/11;30/12/11;5;357827;435732Vi64943;25/12/11;894568;39539884
45190;18931;276;19/12/11;31/12/11;5;357827;234278Vi4891;26/12/11;894568;39539884
45191;14660;277;19/12/11;31/12/11;5;6990982;1235632Vi817;26/12/11;174775;7725036
45197;18902;281;20/12/11;01/01/12;5;357827;634389Vi57376;27/12/11;894568;39539884
45198;14847;277;21/12/11;01/02/12;5;357827;1030955Vi55403;28/12/11;894568;39539884
45204;11460;277;21/12/11;01/02/12;5;339999;334999Vi55570;28/12/11;849998;3756989
45206;12474;282;22/12/11;01/03/12;5;357827;231772Vi4196;29/12/11;894568;39539884
45226;14662;281;25/12/11;01/06/12;5;6990982;433719Vi71859;01/01/12;174775;7725036
45227;14726;275;25/12/11;01/06/12;5;6990982;1033723Vi13902;01/01/12;174775;7725036
45228;18768;277;25/12/11;01/06/12;5;357827;434385Vi20519;01/01/12;894568;39539884
45233;11472;279;26/12/11;01/07/12;5;339999;935004Vi5373;01/02/12;849998;3756989
45239;19420;281;28/12/11;01/09/12;5;6990982;632686Vi41033;01/04/12;174775;7725036
45245;18928;281;29/12/11;01/10/12;5;357827;1234275Vi77846;01/05/12;894568;39539884
45263;14722;279;31/12/11;01/12/12;5;6990982;1133721Vi80592;01/07/12;174775;7725036
45345;15048;279;01/01/12;13/01/12;5;357827;630860Vi71914;01/08/12;894568;39539884
45347;14733;278;01/01/12;13/01/12;5;6990982;133729Vi76858;01/08/12;174775;7725036
45351;12520;278;01/02/12;14/01/12;5;357827;330870Vi34815;01/09/12;894568;39539884
44835;18338;277;11/04/11;16/11/11;5;357827;634443Vi44001;11/11/11;894568;39539884
44836;18465;279;11/04/11;16/11/11;5;357827;334451Vi9370;11/11/11;894568;39539884
44837;13808;277;11/05/11;17/11/11;5;357827;530925Vi1110;11/12/11;894568;39539884
44842;14140;281;11/06/11;18/11/11;5;357827;1230951Vi81876;13/11/11;894568;39539884
44849;17996;280;11/07/11;19/11/11;5;6990982;532677Vi31929;14/11/11;174775;7725036
44858;18487;277;11/07/11;19/11/11;5;357827;834341Vi76233;14/11/11;894568;39539884
44859;18495;282;11/07/11;19/11/11;5;357827;434347Vi53422;14/11/11;894568;39539884
44860;18693;278;11/07/11;19/11/11;5;357827;234351Vi84031;14/11/11;894568;39539884
44861;18288;276;11/07/11;19/11/11;5;357827;734428Vi62898;14/11/11;894568;39539884
44869;18700;275;11/08/11;20/11/11;5;357827;934358Vi66283;15/11/11;894568;39539884
44874;18004;276;11/10/11;22/11/11;5;6990982;732681Vi80633;17/11/11;174775;7725036
44883;18296;279;11/10/11;22/11/11;5;357827;934429Vi45812;17/11/11;894568;39539884
44885;14833;275;11/11/11;23/11/11;5;357827;930947Vi58672;18/11/11;894568;39539884
44897;18696;276;11/12/11;24/11/11;5;357827;834354Vi77687;19/11/11;894568;39539884
44901;12332;281;13/11/11;25/11/11;5;357827;630933Vi27184;20/11/11;894568;39539884
44906;14832;277;14/11/11;26/11/11;5;357827;1030946Vi47897;21/11/11;894568;39539884
44916;18463;276;14/11/11;26/11/11;5;357827;934449Vi20083;21/11/11;894568;39539884
44917;13842;279;15/11/11;27/11/11;5;357827;530937Vi26890;22/11/11;894568;39539884
44923;18336;275;15/11/11;27/11/11;5;357827;434441Vi17320;22/11/11;894568;39539884
44927;11448;277;16/11/11;28/11/11;5;337499;634988Vi51713;23/11/11;843748;3729364
44935;12333;277;18/11/11;30/11/11;5;357827;930938Vi74153;25/11/11;894568;39539884
44942;18701;283;18/11/11;30/11/11;5;357827;334359Vi71875;25/11/11;894568;39539884
44946;11357;281;18/11/11;30/11/11;5;337499;934974Vi54103;25/11/11;843748;3729364
44966;18458;279;20/11/11;12/02/11;5;357827;1034446Vi38076;27/11/11;894568;39539884
44973;18482;275;21/11/11;12/03/11;5;357827;534336Vi64014;28/11/11;894568;39539884
44981;18462;279;22/11/11;12/04/11;5;357827;234448Vi36436;29/11/11;894568;39539884
44985;18692;275;23/11/11;12/05/11;5;357827;1234350Vi76937;30/11/11;894568;39539884
44992;18464;279;24/11/11;12/06/11;5;357827;834450Vi11106;12/01/11;894568;39539884
44993;11368;279;24/11/11;12/06/11;5;337499;1134981Vi44384;12/01/11;843748;3729364
44412;11100;;16/09/11;28/09/11;5;337499;534146Vi1395;23/09/11;843748;3729364
44417;17917;;17/09/11;29/09/11;5;357827;135306Vi62219;24/09/11;894568;39539884
44420;17512;;17/09/11;29/09/11;5;357827;935405Vi68945;24/09/11;894568;39539884
44421;13607;;18/09/11;30/09/11;5;357827;531067Vi2092;25/09/11;894568;39539884
44427;14146;;19/09/11;10/01/11;5;357827;531061Vi12963;26/09/11;894568;39539884
44432;14165;;20/09/11;10/02/11;5;357827;931073Vi825;27/09/11;894568;39539884
44437;11076;;21/09/11;10/03/11;5;339999;134137Vi35121;28/09/11;849998;3756989
44440;12261;;22/09/11;10/04/11;5;357827;731065Vi65901;29/09/11;894568;39539884
44442;14599;;22/09/11;10/04/11;5;6990982;333811Vi14000;29/09/11;174775;7725036
44452;20164;;26/09/11;10/08/11;5;6990982;1032667Vi5725;10/03/11;174775;7725036
44461;17918;;27/09/11;10/09/11;5;357827;935307Vi14613;10/04/11;894568;39539884
44465;14613;;28/09/11;10/10/11;5;6990982;1133816Vi82183;10/05/11;174775;7725036
44470;17735;;28/09/11;10/10/11;5;357827;735416Vi48489;10/05/11;894568;39539884
44474;14601;;29/09/11;10/11/11;5;6990982;833812Vi71840;10/06/11;174775;7725036
44478;17726;;29/09/11;10/11/11;5;357827;435410Vi72832;10/06/11;894568;39539884
44813;18695;;11/01/11;13/11/11;5;357827;134353Vi21349;11/08/11;894568;39539884
44816;12321;;11/02/11;14/11/11;5;357827;430928Vi18038;11/09/11;894568;39539884
44825;18309;;11/02/11;14/11/11;5;357827;634436Vi32743;11/09/11;894568;39539884
44829;14643;;11/03/11;15/11/11;5;6990982;1233706Vi18341;11/10/11;174775;7725036
44830;18337;;11/03/11;15/11/11;5;357827;634442Vi4903;11/10/11;894568;39539884
44574;11107;;10/01/11;13/10/11;5;337499;334152Vi45662;10/08/11;843748;3729364
44589;11104;;10/04/11;16/10/11;5;339999;534149Vi52928;10/11/11;849998;3756989
44591;17987;;10/05/11;17/10/11;5;6990982;1232672Vi67358;10/12/11;174775;7725036
44594;18250;;10/05/11;17/10/11;5;357827;1134414Vi27332;10/12/11;894568;39539884
44596;18238;;10/05/11;17/10/11;5;357827;1135340Vi22569;10/12/11;894568;39539884
44600;18243;;10/06/11;18/10/11;5;357827;134408Vi61811;13/10/11;894568;39539884
44608;18200;;10/07/11;19/10/11;5;357827;635322Vi14631;14/10/11;894568;39539884
44626;18272;;10/10/11;22/10/11;5;357827;534422Vi26224;17/10/11;894568;39539884
44628;11356;;10/10/11;22/10/11;5;337499;334973Vi27713;17/10/11;843748;3729364
44629;18209;;10/10/11;22/10/11;5;357827;435330Vi40377;17/10/11;894568;39539884
44632;18196;;10/11/11;23/10/11;5;357827;735320Vi38398;18/10/11;894568;39539884
44634;18213;;10/11/11;23/10/11;5;357827;635333Vi61169;18/10/11;894568;39539884
44636;14705;;10/12/11;24/10/11;5;357827;1130910Vi19572;19/10/11;894568;39539884
44639;14617;;10/12/11;24/10/11;5;6990982;533822Vi18604;19/10/11;174775;7725036
44640;18246;;10/12/11;24/10/11;5;357827;534411Vi34979;19/10/11;894568;39539884
44645;11344;;13/10/11;25/10/11;5;339999;131760Vi58323;20/10/11;849998;3756989
44650;11147;;13/10/11;25/10/11;5;337499;834971Vi4843;20/10/11;843748;3729364
44653;20170;;14/10/11;26/10/11;5;6990982;1232674Vi68837;21/10/11;174775;7725036
44656;18275;;14/10/11;26/10/11;5;357827;1234424Vi62869;21/10/11;894568;39539884
44657;11120;;14/10/11;26/10/11;5;337499;934967Vi28849;21/10/11;843748;3729364
44658;18201;;14/10/11;26/10/11;5;357827;135323Vi7318;21/10/11;894568;39539884
44673;13790;;17/10/11;29/10/11;5;357827;730918Vi25891;24/10/11;894568;39539884
44676;18198;;17/10/11;29/10/11;5;357827;135321Vi5855;24/10/11;894568;39539884
44679;11106;;18/10/11;30/10/11;5;339999;834151Vi30852;25/10/11;849998;3756989
44686;14712;;20/10/11;11/01/11;5;357827;1230913Vi44052;27/10/11;894568;39539884
44701;14636;;23/10/11;11/04/11;5;6990982;633824Vi34059;30/10/11;174775;7725036
44703;12300;;24/10/11;11/05/11;5;357827;630920Vi30959;31/10/11;894568;39539884
44722;13774;;28/10/11;11/09/11;5;357827;530906Vi5061;11/04/11;894568;39539884
44726;14614;;28/10/11;11/09/11;5;6990982;1133820Vi74459;11/04/11;174775;7725036
44738;18252;;30/10/11;11/11/11;5;357827;834416Vi61197;11/06/11;894568;39539884
44255;14585;;26/08/11;09/07/11;5;6990982;733805Vi74457;09/02/11;174775;7725036
44257;12212;;27/08/11;09/08/11;5;357827;1231037Vi12062;09/03/11;894568;39539884
44270;13794;;30/08/11;09/11/11;5;357827;331043Vi28124;09/06/11;894568;39539884
44271;13846;;30/08/11;09/11/11;5;357827;431056Vi53914;09/06/11;894568;39539884
44275;17256;;30/08/11;09/11/11;5;357827;134465Vi49406;09/06/11;894568;39539884
44279;17326;;30/08/11;09/11/11;5;357827;335391Vi17882;09/06/11;894568;39539884
44324;12267;;09/01/11;13/09/11;5;357827;930963Vi55635;09/08/11;894568;39539884
44326;17728;;09/01/11;13/09/11;5;357827;435411Vi1941;09/08/11;894568;39539884
44332;17510;;09/03/11;15/09/11;5;357827;1135403Vi19905;09/10/11;894568;39539884
44344;14427;;09/06/11;18/09/11;5;357827;830959Vi84541;13/09/11;894568;39539884
44346;14602;;09/06/11;18/09/11;5;6990982;633813Vi10341;13/09/11;174775;7725036
44353;14591;;09/07/11;19/09/11;5;6990982;733808Vi40961;14/09/11;174775;7725036
44354;14603;;09/07/11;19/09/11;5;6990982;533814Vi7470;14/09/11;174775;7725036
44356;11099;;09/07/11;19/09/11;5;339999;1234145Vi33739;14/09/11;849998;3756989
44359;14525;;09/08/11;20/09/11;5;357827;230961Vi80616;15/09/11;894568;39539884
44364;11092;;09/08/11;20/09/11;5;337499;834140Vi13198;15/09/11;843748;3729364
44380;17915;;09/10/11;22/09/11;5;357827;935304Vi29225;17/09/11;894568;39539884
44387;11096;;09/11/11;23/09/11;5;337499;734143Vi35720;18/09/11;843748;3729364
44388;17924;;09/11/11;23/09/11;5;357827;535313Vi51145;18/09/11;894568;39539884
44391;17730;;09/11/11;23/09/11;5;357827;735412Vi60936;18/09/11;894568;39539884
44392;17910;;09/11/11;23/09/11;5;357827;935420Vi11128;18/09/11;894568;39539884
